station_id,date,cellcount,salinity_ppt,temp_C,dist_to_station_km,n_observations,category
C111AC,2018-04-11,0,40.0,30.0,1.918654497504529,1,not observed
C111AC,2018-05-10,0,24.0,30.0,7.204501596883283,1,not observed
C111MC,2019-11-12,0,31.99,24.33,1.5021095718667004,1,not observed
FLAB04,2016-03-17,0,40.0,26.1,13.763095658287488,1,not observed
FLAB04,2017-10-16,0,,,2.2387781972919534,2,not observed
FLAB04,2018-06-11,0,34.0,29.0,13.171382173404636,1,not observed
FLAB04,2019-04-24,0,35.0,25.0,13.763095658287488,1,not observed
FLAB04,2019-04-25,0,,,5.723402343193471,1,not observed
FLAB04,2019-06-14,0,36.0,28.0,13.73192000742535,1,not observed
FLAB04,2019-09-25,0,35.0,27.0,13.18163973601567,1,not observed
FLAB04,2021-03-03,0,35.0,25.3,13.694032015583906,1,not observed
FLAB04,2022-07-07,0,42.0,31.0,12.22021856685115,1,not observed
FLAB04,2024-02-29,0,35.0,24.0,13.172022239744624,1,not observed
FLAB05,2016-01-13,0,31.5,21.5,8.555492916120457,2,not observed
FLAB05,2016-02-02,0,20.0,21.0,3.521845054698621,1,not observed
FLAB05,2016-02-08,0,40.0,23.5,13.827570861231708,1,not observed
FLAB05,2016-02-17,0,40.0,22.0,14.855852983615135,1,not observed
FLAB05,2016-02-25,0,24.0,20.0,4.787886518913148,1,not observed
FLAB05,2016-03-14,0,36.431,24.384999999999998,16.263412193945157,2,not observed
FLAB05,2016-03-15,0,20.0,25.0,2.4083964360686796,1,not observed
FLAB05,2016-04-19,0,20.0,24.0,2.462495012251345,1,not observed
FLAB05,2016-05-09,0,36.449,25.98,18.75031304807417,1,not observed
FLAB05,2016-05-24,0,,,10.584083849152561,2,not observed
FLAB05,2016-06-14,0,30.0,31.0,3.4090446569347703,1,not observed
FLAB05,2016-07-08,0,35.0,31.5,13.909407536260996,1,not observed
FLAB05,2016-08-09,0,30.0,30.0,2.0793506096886634,1,not observed
FLAB05,2016-09-19,0,36.036,30.23,18.75031304807417,1,not observed
FLAB05,2016-10-04,0,30.0,29.0,3.4062914361782037,1,not observed
FLAB05,2016-11-14,333,36.3495,27.48,18.75031304807417,2,very low
FLAB05,2016-11-18,0,26.0,,3.4072127978169076,1,not observed
FLAB05,2017-01-12,0,28.0,18.0,3.4090446569347703,1,not observed
FLAB05,2017-01-30,0,36.4435,24.29,18.75031304807417,2,not observed
FLAB05,2017-02-21,0,30.0,23.0,3.4090446569347703,1,not observed
FLAB05,2017-03-07,0,32.0,20.0,2.7614180797505865,1,not observed
FLAB05,2017-03-10,0,42.0,25.0,13.893907433925719,1,not observed
FLAB05,2017-04-11,0,31.0,23.0,3.3255433622497605,1,not observed
FLAB05,2017-06-11,0,35.0,27.5,13.945779323847109,1,not observed
FLAB05,2017-06-13,0,36.0,27.5,1.4603299107951881,1,not observed
FLAB05,2017-06-17,0,30.0,35.00000001,13.945779323847109,1,not observed
FLAB05,2017-07-05,0,36.0,32.0,13.893907433925719,1,not observed
FLAB05,2017-07-09,0,35.0,28.0,15.505121864971604,1,not observed
FLAB05,2017-07-11,0,35.0,30.0,2.0793506096886634,1,not observed
FLAB05,2017-08-11,0,34.0,28.0,18.924295525725956,1,not observed
FLAB05,2017-10-12,0,,,3.338187736288022,3,not observed
FLAB05,2017-10-17,0,,,3.203945900612731,1,not observed
FLAB05,2017-10-24,0,29.0,27.3,7.606049864009569,1,not observed
FLAB05,2017-10-27,0,,23.5,3.4090446569347703,1,not observed
FLAB05,2017-10-30,0,30.0,22.1,7.606049864009569,1,not observed
FLAB05,2018-01-02,0,,,3.3691829600445633,2,not observed
FLAB05,2018-01-09,0,36.36,23.975,18.75031304807417,2,not observed
FLAB05,2018-02-02,0,,,9.98223276102079,1,not observed
FLAB05,2018-02-06,0,,23.0,2.135435321162953,1,not observed
FLAB05,2018-02-07,0,35.0,25.0,13.739306104502361,1,not observed
FLAB05,2018-03-09,0,,,18.75031304807417,1,not observed
FLAB05,2018-03-15,0,,20.0,2.7614180797505865,1,not observed
FLAB05,2018-03-16,0,36.0,24.0,13.796111854282037,1,not observed
FLAB05,2018-04-06,0,35.0,25.0,8.87008574026068,1,not observed
FLAB05,2018-04-17,0,34.0,24.0,3.4090446569347703,1,not observed
FLAB05,2018-05-16,0,,25.0,13.893907433925719,1,not observed
FLAB05,2018-05-24,0,34.0,27.0,3.4090446569347703,1,not observed
FLAB05,2018-06-04,0,30.0,28.0,13.832644057415079,1,not observed
FLAB05,2018-06-20,0,,,5.661803784677913,2,not observed
FLAB05,2018-06-22,0,36.2515,29.09,18.75031304807417,2,not observed
FLAB05,2018-06-27,0,35.3,30.73,5.744640796972224,1,not observed
FLAB05,2018-07-31,0,34.0,30.0,2.17530760624133,1,not observed
FLAB05,2018-08-02,0,38.0,28.0,13.721437992004262,1,not observed
FLAB05,2018-08-06,0,36.31,29.77,18.75031304807417,2,not observed
FLAB05,2018-08-16,0,34.0,30.0,2.2266481567425,1,not observed
FLAB05,2018-09-18,667,38.0,28.0,13.721437992004262,1,very low
FLAB05,2018-09-25,0,30.0,32.0,2.0793506096886634,1,not observed
FLAB05,2018-10-02,0,36.0,30.0,10.267546457990155,1,not observed
FLAB05,2018-10-12,1667,36.0655,28.759999999999998,18.75031304807417,2,very low
FLAB05,2018-11-06,0,30.86,26.35,6.988344779920714,2,not observed
FLAB05,2018-12-17,0,36.42,24.92,18.75031304807417,1,not observed
FLAB05,2019-01-28,0,36.336,23.299999999999997,18.75031304807417,2,not observed
FLAB05,2019-03-07,0,40.0,23.0,2.462495012251345,1,not observed
FLAB05,2019-03-25,0,,,8.851082857888645,1,not observed
FLAB05,2019-04-22,0,37.0,25.0,3.4090446569347703,1,not observed
FLAB05,2019-04-29,0,36.56,26.9,18.75031304807417,2,not observed
FLAB05,2019-05-07,0,38.0,28.0,13.721437992004262,1,not observed
FLAB05,2019-06-14,0,35.0,26.0,13.823639840899956,1,not observed
FLAB05,2019-07-29,0,35.59,29.299999999999997,18.75031304807417,2,not observed
FLAB05,2019-08-25,0,,,10.887582534672578,1,not observed
FLAB05,2019-09-06,0,36.03,29.9,23.082697195166606,2,not observed
FLAB05,2019-09-23,0,35.555,29.21,18.75031304807417,2,not observed
FLAB05,2019-10-30,0,35.980000000000004,28.55,23.082697195166606,2,not observed
FLAB05,2019-11-18,0,36.2465,27.295,18.75031304807417,2,not observed
FLAB05,2020-01-06,0,36.07,24.735,18.75031304807417,2,not observed
FLAB05,2020-01-16,0,37.0,23.0,13.721437992004262,1,not observed
FLAB05,2020-02-15,0,36.0,27.0,13.731575008494408,1,not observed
FLAB05,2020-03-11,333,,,13.715483857357002,1,very low
FLAB05,2021-11-07,0,35.0,25.0,13.893907433925719,1,not observed
FLAB05,2022-01-28,0,40.0,24.0,13.880591784593493,1,not observed
FLAB05,2022-05-05,0,36.36,30.2,4.230852725013107,1,not observed
FLAB05,2022-06-10,0,33.0,27.0,13.69239299514323,1,not observed
FLAB05,2022-07-30,0,37.58,27.9,4.194073624418208,1,not observed
FLAB05,2022-08-05,0,30.0,32.0,13.8811971999699,1,not observed
FLAB05,2022-10-10,0,30.0,26.0,14.25941443027724,1,not observed
FLAB05,2022-11-17,0,38.0,27.0,13.853944651004836,1,not observed
FLAB05,2023-02-19,0,34.0,26.0,14.000915233458839,1,not observed
FLAB05,2023-03-21,0,35.0,21.0,13.692763839294468,1,not observed
FLAB05,2023-04-29,0,35.0,27.0,13.893907433925719,1,not observed
FLAB05,2023-06-22,0,35.0,28.0,21.7970217254769,1,not observed
FLAB05,2024-02-08,0,22.25,18.95,3.71982912990857,2,not observed
FLAB05,2024-02-22,0,23.45,19.85,3.7428957829586436,2,not observed
FLAB06,2017-10-17,0,,,3.573287397084865,1,not observed
FLAB10,2017-10-12,0,,,3.15432024317072,1,not observed
FLAB11,2017-10-13,0,,,4.135959320616059,2,not observed
FLAB12,2017-10-13,0,,,3.512931175363547,1,not observed
FLAB12,2019-11-12,0,37.02,24.55,1.565082678350272,1,not observed
FLAB13,2016-09-30,0,,,0.939976533148721,1,not observed
FLAB13,2016-10-20,0,,,2.412376916494803,1,not observed
FLAB13,2016-10-21,0,,,1.4743249978399275,1,not observed
FLAB13,2017-01-03,0,29.9,26.22,1.4824010055976193,1,not observed
FLAB13,2017-10-14,0,,,1.7674667507521127,2,not observed
FLAB13,2018-11-06,0,34.3,28.38,2.551157099259798,2,not observed
FLAB13,2019-11-12,0,40.38,25.41,2.43007383368136,1,not observed
FLAB14,2016-10-21,0,,,1.6500492588733,1,not observed
FLAB14,2016-12-08,0,,,1.6517421990060945,1,not observed
FLAB14,2017-01-03,0,29.43,24.23,1.6491285511491238,1,not observed
FLAB14,2019-10-22,0,,,1.647884846233251,2,not observed
FLAB14,2019-11-12,0,37.46,25.746666666666666,3.144462404839827,3,not observed
FLAB15,2016-09-29,0,,,5.774254795013835,1,not observed
FLAB15,2016-09-30,0,,,3.6721286739489534,2,not observed
FLAB15,2016-11-04,0,,,1.249105807175544,1,not observed
FLAB15,2017-02-15,0,,,1.249105807175544,1,not observed
FLAB15,2017-03-31,0,40.11,26.11,0.7482262133899789,1,not observed
FLAB15,2017-05-08,0,43.2,27.52,0.7436979784461524,1,not observed
FLAB15,2017-05-13,0,,,1.249105807175544,1,not observed
FLAB15,2017-10-14,0,,,2.745412313167595,2,not observed
FLAB15,2018-11-06,0,37.59,28.07,1.120738117236958,1,not observed
FLAB15,2019-10-22,0,,,1.249105807175544,1,not observed
FLAB15,2019-11-12,0,39.1025,25.3175,3.8607478683621492,4,not observed
FLAB16,2017-05-08,0,41.59,26.64,3.3482294006749598,1,not observed
FLAB16,2017-10-11,0,,,4.838679197977025,1,not observed
FLAB16,2018-02-05,0,,,3.3383193674124536,1,not observed
FLAB16,2018-05-10,0,,30.0,2.3349712574084087,1,not observed
FLAB16,2019-04-27,0,36.2,29.95,3.040076859475779,1,not observed
FLAB16,2019-11-12,0,37.3,25.17,7.194742773159231,1,not observed
FLAB18,2016-09-28,0,,,3.3452669887193736,1,not observed
FLAB18,2016-09-29,0,,,5.3872416387912745,1,not observed
FLAB18,2016-11-04,0,,,4.5166248399653695,2,not observed
FLAB18,2016-11-22,0,,,5.142019516917366,3,not observed
FLAB18,2016-12-08,0,,,4.79474435298715,2,not observed
FLAB18,2017-01-03,0,34.68,26.47666666666667,4.501687388870284,3,not observed
FLAB18,2017-02-15,0,,,4.5166248399653695,2,not observed
FLAB18,2017-03-13,0,37.55,25.515,3.413596091831072,2,not observed
FLAB18,2017-04-02,0,36.96,28.28,5.382435044340137,1,not observed
FLAB18,2017-05-09,0,42.98,27.066666666666666,4.0693823683154875,3,not observed
FLAB18,2017-05-13,0,,,4.5166248399653695,2,not observed
FLAB18,2017-10-11,0,,,2.6645636772606327,2,not observed
FLAB18,2018-02-19,0,,,2.7900689984158142,1,not observed
FLAB18,2018-02-20,0,,,8.633110545776239,1,not observed
FLAB18,2018-04-09,0,,,2.7900689984158142,1,not observed
FLAB18,2018-05-23,0,,,2.7900689984158142,1,not observed
FLAB18,2018-11-06,0,38.815,27.310000000000002,3.7188596409127976,2,not observed
FLAB18,2019-04-23,0,35.67,24.35,6.243180681514925,1,not observed
FLAB18,2019-10-22,0,,,2.7900689984158142,1,not observed
FLAB18,2019-11-12,0,39.06999999999999,25.505000000000003,7.839296425315775,2,not observed
FLAB19,2016-09-28,0,,,2.342959173245132,1,not observed
FLAB19,2016-10-20,0,,,4.319985277204219,2,not observed
FLAB19,2016-10-21,0,,,3.6559502483539825,1,not observed
FLAB19,2016-11-04,0,,,4.236046912623693,1,not observed
FLAB19,2016-11-22,0,,,4.903465097126269,1,not observed
FLAB19,2016-12-08,0,,,3.6178280120006203,1,not observed
FLAB19,2017-01-03,0,33.36,24.74,3.578637496108807,1,not observed
FLAB19,2017-02-15,0,,,4.236046912623693,1,not observed
FLAB19,2017-03-13,0,37.64,25.77,2.3469146225000337,1,not observed
FLAB19,2017-04-01,0,40.0,26.06,2.8463311840648524,1,not observed
FLAB19,2017-05-09,0,43.5,26.26,8.105792053217828,1,not observed
FLAB19,2017-10-31,0,,,6.872396151170787,1,not observed
FLAB19,2017-12-05,0,,,6.872396151170787,1,not observed
FLAB19,2018-01-17,0,,,6.872396151170787,1,not observed
FLAB19,2018-02-19,0,,,6.872396151170787,1,not observed
FLAB19,2018-04-09,0,,,6.872396151170787,1,not observed
FLAB19,2018-05-23,0,,,6.872396151170787,1,not observed
FLAB19,2018-11-06,0,37.27,26.6,8.108015618316566,1,not observed
FLAB19,2019-04-23,0,38.540000000000006,24.395,7.609658198881787,2,not observed
FLAB19,2019-10-22,0,,,7.855412214785454,3,not observed
FLAB19,2019-11-12,0,39.56,25.405,6.918950637183338,2,not observed
FLAB20,2016-11-04,0,,,7.686009367596842,1,not observed
FLAB20,2017-02-15,0,,,7.686009367596842,1,not observed
FLAB20,2017-05-13,0,,,7.686009367596842,1,not observed
FLAB20,2017-10-31,0,,,6.987964029060184,3,not observed
FLAB20,2017-12-05,0,,,6.987964029060184,3,not observed
FLAB20,2018-01-17,0,,,6.987964029060184,3,not observed
FLAB20,2018-02-19,0,,,6.987964029060184,3,not observed
FLAB20,2018-04-09,0,,,6.987964029060184,3,not observed
FLAB20,2018-05-23,0,,,6.987964029060184,3,not observed
FLAB20,2018-06-27,0,35.99,31.44,7.925456491205293,1,not observed
FLAB20,2019-01-03,0,,,9.125609106291504,2,not observed
FLAB20,2019-04-23,0,38.45666666666667,24.49,6.987964029060184,3,not observed
FLAB20,2019-05-06,0,,,7.939523255964782,1,not observed
FLAB20,2019-10-22,0,,,7.240187408783648,2,not observed
FLAB20,2020-02-20,0,,26.1,10.191507287265525,1,not observed
FLAB20,2022-07-14,0,,,6.676826994550158,2,not observed
FLAB21,2016-09-03,0,,,10.94827234456043,1,not observed
FLAB21,2016-09-28,0,,,7.60190044681807,1,not observed
FLAB21,2017-03-08,0,37.1,25.7,13.157032670210862,1,not observed
FLAB21,2017-03-13,0,35.584999999999994,25.32,4.504083835381205,2,not observed
FLAB21,2017-04-01,0,34.91,25.75,7.5571228874494984,1,not observed
FLAB21,2017-04-02,0,35.94,27.06,7.534793537170466,1,not observed
FLAB21,2017-10-13,0,,,3.6242920888468797,2,not observed
FLAB21,2018-02-01,0,33.2,23.2,13.869765336665926,1,not observed
FLAB21,2018-06-19,0,,,13.509188131011012,1,not observed
FLAB21,2018-06-27,0,37.235,31.11,12.721504238561803,2,not observed
FLAB21,2018-08-07,0,,,12.894468554029803,1,not observed
FLAB21,2018-09-01,0,,,13.005897751172606,1,not observed
FLAB21,2019-01-03,0,,,12.773803029921071,2,not observed
FLAB21,2022-01-27,0,,21.7,12.46399113589555,2,not observed
FLAB21,2022-02-24,0,,24.0,14.135787847994388,1,not observed
FLAB21,2022-03-10,0,,25.0,15.539185226436242,1,not observed
FLAB21,2022-03-31,0,,23.0,6.540607859577819,1,not observed
FLAB21,2022-04-19,333,,27.200000000000003,11.789268439974391,2,very low
FLAB21,2022-05-12,0,,25.7,10.430743495825318,2,not observed
FLAB21,2022-05-21,0,,30.5,11.165796410668154,2,not observed
FLAB21,2022-05-23,0,,,10.668389603823812,1,not observed
FLAB21,2022-06-02,333,,27.85,11.187380415013088,2,very low
FLAB21,2022-06-10,0,,29.72,17.955161702987738,2,not observed
FLAB21,2022-06-14,0,,28.465,16.28128723099175,2,not observed
FLAB21,2022-06-28,0,,29.36,12.609398218534205,2,not observed
FLAB21,2022-07-21,0,,29.7,11.750315284434752,2,not observed
FLAB21,2022-08-16,0,,31.165,13.186067029081038,2,not observed
FLAB21,2023-01-05,0,,24.0,11.583652758889347,2,not observed
FLAB21,2023-02-03,333,,24.7,17.535286708940625,2,very low
FLAB21,2023-02-28,0,,26.15,12.017080735567058,2,not observed
FLAB21,2023-03-13,0,2.2,25.4,11.831448341984602,2,not observed
FLAB21,2023-03-23,0,,21.3,15.019114854079064,1,not observed
FLAB21,2023-03-30,0,,26.65,11.610266899476423,2,not observed
FLAB21,2023-04-16,0,,28.15,11.636659391812703,2,not observed
FLAB23,2016-07-08,0,,,14.658201723733685,1,not observed
FLAB23,2017-10-13,0,,,2.564199916437693,1,not observed
FLAB23,2017-10-14,0,,,8.670871172993111,1,not observed
FLAB23,2018-06-27,0,36.07,30.54,14.215964727949974,3,not observed
FLAB23,2019-05-24,0,,,14.386158341719117,1,not observed
FLAB23,2019-05-27,0,38.0,28.0,14.386158341719117,1,not observed
FLAB23,2019-05-29,0,,,14.676362857778578,1,not observed
FLAB23,2019-06-03,0,7.79,32.7,13.911798911762217,3,not observed
FLAB23,2024-02-08,0,31.9,20.0,14.87258121841676,1,not observed
FLAB23,2024-02-22,0,31.9,20.5,14.872525303079994,1,not observed
FLAB25,2016-03-16,0,31.9658,25.490000000000002,11.003647154037246,6,not observed
FLAB25,2016-11-16,1667,31.94333333333334,24.459999999999997,11.17998255656567,3,very low
FLAB25,2017-01-31,0,35.86,19.84,19.16777905407373,1,not observed
FLAB25,2017-02-01,0,34.89,19.2,2.376239830868063,1,not observed
FLAB25,2017-06-21,0,36.879,28.94,3.2670346337155074,1,not observed
FLAB25,2018-01-10,0,29.423333333333332,17.28333333333333,11.17998255656567,3,not observed
FLAB25,2018-03-10,0,35.75,21.17,19.16777905407373,1,not observed
FLAB25,2018-06-25,0,35.5845,30.8,10.772009442470896,2,not observed
FLAB25,2018-08-09,0,35.667500000000004,30.295,10.772009442470896,2,not observed
FLAB25,2018-10-19,0,35.9,29.04,19.16777905407373,1,not observed
FLAB25,2019-02-01,0,32.03,18.5,11.995928784755225,1,not observed
FLAB25,2019-05-03,0,36.025,27.6,10.772009442470896,2,not observed
FLAB25,2019-08-02,0,36.4565,31.310000000000002,8.747271752809358,2,not observed
FLAB25,2019-09-29,0,37.85,28.08,19.16777905407373,1,not observed
FLAB25,2019-11-24,0,33.181999999999995,22.796666666666667,11.17998255656567,3,not observed
FLAB25,2019-12-31,0,,,21.87541330004659,2,not observed
FLAB25,2020-01-11,0,32.665,21.33666666666667,11.17998255656567,3,not observed
FLAB25,2023-04-15,0,37.9,27.5,11.072479360279097,1,not observed
FLAB25,2024-01-02,0,,,21.94260054064106,2,not observed
FLAB25,2024-01-19,0,,,21.94260054064106,2,not observed
FLAB25,2024-02-02,0,,,21.94260054064106,2,not observed
FLAB25,2024-02-17,0,,,21.94260054064106,2,not observed
FLAB27,2016-02-17,0,,,5.580403142691839,4,not observed
FLAB27,2016-02-29,0,,,5.580403142691839,4,not observed
FLAB27,2016-03-28,0,,,5.580403142691839,4,not observed
FLAB27,2016-04-25,0,,,5.580403142691839,4,not observed
FLAB27,2016-05-16,0,,,5.580403142691839,4,not observed
FLAB27,2016-05-31,0,,,5.580403142691839,4,not observed
FLAB27,2016-06-29,0,,,3.892238739567294,3,not observed
FLAB27,2016-07-13,0,,,5.580403142691839,4,not observed
FLAB27,2016-07-25,0,,,5.580403142691839,4,not observed
FLAB27,2016-09-08,0,,,5.580403142691839,4,not observed
FLAB27,2016-09-28,0,,,5.580403142691839,4,not observed
FLAB27,2016-11-10,0,,,5.580403142691839,4,not observed
FLAB27,2016-11-16,0,35.992999999999995,24.715,12.686889268946137,2,not observed
FLAB27,2016-11-22,0,,,5.530201064431734,1,not observed
FLAB27,2016-12-15,0,,,5.580403142691839,4,not observed
FLAB27,2017-01-05,0,,,5.580403142691839,4,not observed
FLAB27,2017-01-27,0,,,5.580403142691839,4,not observed
FLAB27,2017-02-09,0,,,5.580403142691839,4,not observed
FLAB27,2017-02-21,0,,,5.580403142691839,4,not observed
FLAB27,2017-03-09,0,,,5.580403142691839,4,not observed
FLAB27,2017-03-27,0,,,5.580403142691839,4,not observed
FLAB27,2017-05-09,0,,,5.580403142691839,4,not observed
FLAB27,2017-05-27,0,,,5.580403142691839,4,not observed
FLAB27,2017-06-14,0,,,5.580403142691839,4,not observed
FLAB27,2017-06-30,0,,,5.580403142691839,4,not observed
FLAB27,2017-07-29,0,,,5.580403142691839,4,not observed
FLAB27,2017-08-17,0,,,5.580403142691839,4,not observed
FLAB27,2017-08-31,0,,,5.580403142691839,4,not observed
FLAB27,2017-10-16,0,,,5.580403142691839,4,not observed
FLAB27,2017-11-02,0,,,5.580403142691839,4,not observed
FLAB27,2017-11-22,0,,,5.580403142691839,4,not observed
FLAB27,2017-12-08,0,,,5.580403142691839,4,not observed
FLAB27,2017-12-18,0,,,5.580403142691839,4,not observed
FLAB27,2018-01-09,0,,,5.580403142691839,4,not observed
FLAB27,2018-01-23,0,,,5.580403142691839,4,not observed
FLAB27,2018-02-08,9000,,,5.580403142691839,4,very low
FLAB27,2018-02-19,103000,,,3.0946109754388984,1,medium
FLAB27,2018-02-26,0,,,5.580403142691839,4,not observed
FLAB27,2018-03-19,0,,,5.580403142691839,4,not observed
FLAB27,2018-04-18,0,,,5.580403142691839,4,not observed
FLAB27,2018-05-15,0,,,5.580403142691839,4,not observed
FLAB27,2018-06-06,0,,,5.580403142691839,4,not observed
FLAB27,2018-06-23,0,,,5.580403142691839,4,not observed
FLAB27,2018-07-20,0,,,5.580403142691839,4,not observed
FLAB27,2018-08-08,0,,,5.580403142691839,4,not observed
FLAB27,2018-08-20,0,,,5.580403142691839,4,not observed
FLAB27,2018-09-10,0,,,5.580403142691839,4,not observed
FLAB27,2018-09-25,0,,,5.580403142691839,4,not observed
FLAB27,2018-10-10,0,,,5.580403142691839,4,not observed
FLAB27,2018-10-20,0,,,5.580403142691839,4,not observed
FLAB27,2018-11-02,0,,,5.580403142691839,4,not observed
FLAB27,2018-11-19,0,,,5.580403142691839,4,not observed
FLAB27,2018-12-04,0,,,5.580403142691839,4,not observed
FLAB27,2018-12-18,0,,,5.580403142691839,4,not observed
FLAB27,2022-07-14,0,,,9.948967165512537,1,not observed
FLAB27,2023-02-06,0,,23.6,8.531635657203603,1,not observed
